City_ID,City,Country,Date,Lat,Lng,Max Temp,Humidity,Cloudiness,Wind Speed
0,Dikson,RU,2022-06-09 17:44:16,73.5069,80.5464,28.22,92,82,6.04
1,Tiznit,MA,2022-06-09 17:44:17,29.5833,-9.5,79.81,46,0,6.98
2,Ushuaia,AR,2022-06-09 17:40:49,-54.8,-68.3,37.06,75,40,23.02
3,Busselton,AU,2022-06-09 17:44:17,-33.65,115.3333,60.33,67,100,14.2
4,Clyde River,CA,2022-06-09 17:39:44,70.4692,-68.5914,32.23,86,100,8.05
5,Cape Town,ZA,2022-06-09 17:43:48,-33.9258,18.4232,60.91,77,0,8.05
6,Isangel,VU,2022-06-09 17:44:18,-19.55,169.2667,75.47,84,86,5.21
7,Thompson,CA,2022-06-09 17:44:18,55.7435,-97.8558,66.36,42,40,4.61
8,Rikitea,PF,2022-06-09 17:44:19,-23.1203,-134.9692,72.52,56,28,12.5
9,Road Town,VG,2022-06-09 17:40:35,18.4167,-64.6167,87.84,62,40,10.36
10,Dingle,PH,2022-06-09 17:44:19,10.9995,122.6711,77.49,88,80,4.25
11,Albany,US,2022-06-09 17:42:17,42.6001,-73.9662,72.95,77,83,1.99
12,Lebanon,US,2022-06-09 17:41:16,36.2081,-86.2911,82.17,55,22,9.78
13,Tabou,CI,2022-06-09 17:44:20,4.423,-7.3528,80.47,78,70,6.49
14,Russell,US,2022-06-09 17:43:00,32.3502,-85.1999,87.08,65,20,9.22
15,Baker City,US,2022-06-09 17:44:21,44.7749,-117.8344,64.6,72,0,3.44
16,Rocha,UY,2022-06-09 17:42:27,-34.4833,-54.3333,65.95,66,77,6.15
17,Hilo,US,2022-06-09 17:40:47,19.7297,-155.09,77.29,68,75,6.91
18,Totana,ES,2022-06-09 17:44:22,37.7688,-1.5023,83.7,47,1,10.11
19,Port Alfred,ZA,2022-06-09 17:44:22,-33.5906,26.891,61.38,72,19,11.99
20,Takoradi,GH,2022-06-09 17:44:23,4.8845,-1.7554,80.28,80,91,8.46
21,Plettenberg Bay,ZA,2022-06-09 17:44:23,-34.0527,23.3716,57.24,77,20,2.71
22,Kapaa,US,2022-06-09 17:44:23,22.0752,-159.319,78.78,81,100,9.22
23,Wanning,CN,2022-06-09 17:44:24,18.8003,110.3967,80.98,87,100,11.68
24,Bethel,US,2022-06-09 17:44:24,41.3712,-73.414,83.19,57,40,11.5
25,Bluff,NZ,2022-06-09 17:44:25,-46.6,168.3333,36.81,72,81,19.71
26,Grindavik,IS,2022-06-09 17:44:25,63.8424,-22.4338,57.15,66,75,8.05
27,Kushima,JP,2022-06-09 17:44:26,31.4583,131.2333,66.94,94,50,1.41
28,Mahebourg,MU,2022-06-09 17:44:27,-20.4081,57.7,70.09,88,75,16.11
29,Tatarsk,RU,2022-06-09 17:44:27,55.219,75.9828,61.09,68,99,13.33
30,Sar-E Pul,AF,2022-06-09 17:44:28,35.8333,66.1667,70.29,25,1,2.93
31,Barrow,US,2022-06-09 17:44:28,71.2906,-156.7887,30.22,93,100,10.36
32,Oranjemund,NA,2022-06-09 17:44:29,-28.55,16.4333,60.82,63,2,10.09
33,Butaritari,KI,2022-06-09 17:44:29,3.0707,172.7902,80.78,77,98,14.7
34,Vestmannaeyjar,IS,2022-06-09 17:44:29,63.4427,-20.2734,50.99,71,75,25.32
35,Punta Arenas,CL,2022-06-09 17:40:53,-53.15,-70.9167,41.02,70,0,18.41
36,Port Elizabeth,ZA,2022-06-09 17:41:11,-33.918,25.5701,61.32,86,20,6.91
37,Jamestown,US,2022-06-09 17:44:30,42.097,-79.2353,59.95,71,100,20.71
38,Padang,ID,2022-06-09 17:44:31,-0.9492,100.3543,76.06,92,100,6.69
39,College,US,2022-06-09 17:44:31,64.8569,-147.8028,54.21,52,20,10.36
40,Suez,EG,2022-06-09 17:44:32,29.9737,32.5263,83.98,40,0,20.13
41,Sochi,RU,2022-06-09 17:43:56,43.6,39.7303,71.69,87,99,1.54
42,Castro,BR,2022-06-09 17:44:32,-24.7911,-50.0119,62.13,82,100,2.66
43,Sao Filipe,CV,2022-06-09 17:44:33,14.8961,-24.4956,75.27,80,27,7.81
44,Bredasdorp,ZA,2022-06-09 17:44:33,-34.5322,20.0403,53.73,83,5,2.77
45,Puerto Ayora,EC,2022-06-09 17:44:34,-0.7393,-90.3518,76.96,72,98,9.46
46,Alta Floresta,BR,2022-06-09 17:44:34,-9.8756,-56.0861,94.82,38,40,3.44
47,Tasiilaq,GL,2022-06-09 17:44:35,65.6145,-37.6368,42.96,73,7,0.36
48,Phalaborwa,ZA,2022-06-09 17:45:35,-23.943,31.1411,65.48,48,0,4.45
49,Constitucion,CL,2022-06-09 17:45:36,-35.3333,-72.4167,58.91,64,9,10.74
50,Monrovia,LR,2022-06-09 17:41:31,6.3005,-10.7969,80.47,78,94,8.19
51,Norman Wells,CA,2022-06-09 17:44:45,65.282,-126.8329,46.44,81,75,8.05
52,Vaini,TO,2022-06-09 17:45:37,-21.2,-175.2,73.56,83,40,6.91
53,San Rafael,AR,2022-06-09 17:45:37,-34.6177,-68.3301,55.72,39,12,10.38
54,Mataura,NZ,2022-06-09 17:45:38,-46.1927,168.8643,36.48,98,86,2.8
55,Fairbanks,US,2022-06-09 17:45:38,64.8378,-147.7164,54.23,51,0,10.36
56,Bayeux,BR,2022-06-09 17:45:38,-7.125,-34.9322,79.43,89,100,6.91
57,Cayenne,GF,2022-06-09 17:45:39,4.9333,-52.3333,86.04,15,75,9.22
58,Lazarev,RU,2022-06-09 17:45:39,52.225,141.5131,41.36,97,100,7.49
59,Pitea,SE,2022-06-09 17:45:39,65.3172,21.4794,59.09,67,82,5.53
60,Salalah,OM,2022-06-09 17:45:40,17.0151,54.0924,86.09,74,20,6.91
61,Korla,CN,2022-06-09 17:45:40,41.7597,86.1469,81.77,12,77,4.14
62,Shimoda,JP,2022-06-09 17:45:41,34.6667,138.95,64.11,87,25,5.64
63,Bengkulu,ID,2022-06-09 17:45:41,-3.8004,102.2655,73.8,96,100,5.77
64,Pacific Grove,US,2022-06-09 17:40:46,36.6177,-121.9166,73.81,78,0,8.99
65,Tyler,US,2022-06-09 17:43:30,32.3513,-95.3011,88.43,66,75,3.44
66,Yellowknife,CA,2022-06-09 17:43:00,62.456,-114.3525,64.92,36,75,8.05
67,Kaitangata,NZ,2022-06-09 17:41:02,-46.2817,169.8464,40.68,87,100,7.36
68,Sinnamary,GF,2022-06-09 17:45:42,5.3833,-52.95,82.26,76,98,5.93
69,Ilulissat,GL,2022-06-09 17:45:42,69.2167,-51.1,46.42,53,75,4.61
70,Nador,MA,2022-06-09 17:45:43,35.174,-2.9287,84.27,83,20,5.75
71,Mar Del Plata,AR,2022-06-09 17:45:43,-38.0023,-57.5575,59.09,76,75,13.8
72,Luderitz,NA,2022-06-09 17:45:44,-26.6481,15.1594,66.96,42,1,6.53
73,Roros,NO,2022-06-09 17:43:59,62.5747,11.3842,60.64,55,100,5.75
74,Tuktoyaktuk,CA,2022-06-09 17:45:44,69.4541,-133.0374,28.4,86,75,6.91
75,Hermanus,ZA,2022-06-09 17:45:44,-34.4187,19.2345,50.81,74,12,5.37
76,Port Hedland,AU,2022-06-09 17:45:45,-20.3167,118.5667,71.65,56,40,9.22
77,Los Zacatones,MX,2022-06-09 17:45:45,22.95,-102.05,78.84,31,19,14.29
78,Pringsewu,ID,2022-06-09 17:45:46,-5.3582,104.9744,72.19,96,99,0.85
79,Tocopilla,CL,2022-06-09 17:45:46,-22.092,-70.1979,66.4,69,13,9.71
80,Taltal,CL,2022-06-09 17:45:46,-25.4,-70.4833,64.29,70,3,6.15
81,Nome,US,2022-06-09 17:41:05,64.5011,-165.4064,63.16,32,0,9.22
82,Saint-Marc,HT,2022-06-09 17:45:47,19.1082,-72.6938,84.09,60,100,6.33
83,Saskylakh,RU,2022-06-09 17:45:47,71.9167,114.0833,46.51,80,78,6.93
84,Arraial Do Cabo,BR,2022-06-09 17:45:48,-22.9661,-42.0278,76.96,73,75,9.22
85,Homer,US,2022-06-09 17:45:48,59.6425,-151.5483,61.03,68,20,3.0
86,Hobart,AU,2022-06-09 17:45:48,-42.8794,147.3294,49.86,65,75,13.8
87,Avarua,CK,2022-06-09 17:45:49,-21.2078,-159.775,73.45,68,68,5.75
88,Hasaki,JP,2022-06-09 17:45:49,35.7333,140.8333,63.0,81,39,6.22
89,Pingliang,CN,2022-06-09 17:45:50,35.5392,106.6861,62.71,66,92,3.98
90,Port Hardy,CA,2022-06-09 17:45:50,50.6996,-127.4199,55.58,71,100,18.41
91,Nikolayevsk-Na-Amure,RU,2022-06-09 17:45:50,53.1406,140.73,43.25,98,99,2.98
92,Trairi,BR,2022-06-09 17:41:25,-3.2778,-39.2689,78.26,89,99,7.76
93,Xique-Xique,BR,2022-06-09 17:45:51,-10.8218,-42.7263,87.87,38,43,2.8
94,Bairiki,KI,2022-06-09 17:45:51,1.3292,172.9752,81.95,73,100,14.18
95,Perigueux,FR,2022-06-09 17:46:52,45.1833,0.7167,72.81,59,82,6.13
96,Coihaique,CL,2022-06-09 17:46:52,-45.5752,-72.0662,40.95,48,20,4.61
97,Prieta,HN,2022-06-09 17:46:53,15.5833,-86.1833,89.02,42,100,3.42
98,Saint Anthony,US,2022-06-09 17:46:08,45.0205,-93.218,78.03,30,0,9.22
99,Itoman,JP,2022-06-09 17:46:53,26.1247,127.6694,75.22,94,75,2.3
100,Cherskiy,RU,2022-06-09 17:46:53,68.75,161.3,57.6,51,20,3.38
101,Sola,VU,2022-06-09 17:46:54,-13.8833,167.55,80.74,75,100,9.26
102,Ixtapa,MX,2022-06-09 17:46:54,20.7,-105.2,78.03,89,100,6.91
103,New Norfolk,AU,2022-06-09 17:46:54,-42.7826,147.0587,49.5,77,93,5.01
104,Tiksi,RU,2022-06-09 17:46:55,71.6872,128.8694,39.9,77,0,6.55
105,Contamana,PE,2022-06-09 17:46:55,-7.3333,-75.0167,85.28,69,70,4.21
106,Mount Isa,AU,2022-06-09 17:46:55,-20.7333,139.5,49.77,53,1,8.05
107,Nanakuli,US,2022-06-09 17:46:56,21.3906,-158.1547,79.61,78,0,0.0
108,Nikolskoye,RU,2022-06-09 17:46:56,59.7035,30.7861,64.29,75,72,5.91
109,Faanui,PF,2022-06-09 17:46:56,-16.4833,-151.75,80.11,71,7,7.94
110,Oneonta,US,2022-06-09 17:46:57,42.4529,-75.0638,69.3,92,89,14.54
111,Manthani,IN,2022-06-09 17:46:57,18.65,79.6667,94.8,34,65,3.22
112,Narsaq,GL,2022-06-09 17:46:57,60.9167,-46.05,61.02,62,2,7.96
113,Pevek,RU,2022-06-09 17:46:58,69.7008,170.3133,39.38,76,24,3.13
114,Atuona,PF,2022-06-09 17:46:58,-9.8,-139.0333,76.66,74,29,14.47
115,Havre-Saint-Pierre,CA,2022-06-09 17:42:11,50.2334,-63.5986,53.96,87,100,14.97
116,Victoria,HK,2022-06-09 17:45:46,22.2855,114.1577,80.65,90,100,5.99
117,Portland,US,2022-06-09 17:44:16,45.5234,-122.6762,66.16,65,100,5.99
118,Mareeba,AU,2022-06-09 17:46:59,-17.0,145.4333,65.12,89,15,2.19
119,Tumen,CN,2022-06-09 17:46:59,42.9661,129.8425,47.71,97,15,1.16
120,Governador Valadares,BR,2022-06-09 17:46:59,-18.8511,-41.9494,85.19,34,31,3.44
121,Camocim,BR,2022-06-09 17:42:11,-2.9022,-40.8411,78.85,85,100,9.82
122,San Patricio,US,2022-06-09 17:47:00,28.017,-97.5169,95.72,41,8,12.82
123,Saeby,DK,2022-06-09 17:47:00,57.3319,10.5225,62.53,82,93,8.41
124,Kodiak,US,2022-06-09 17:47:01,57.79,-152.4072,56.71,67,100,9.22
125,Alofi,NU,2022-06-09 17:47:01,-19.0595,-169.9187,64.29,94,17,4.61
126,Bestobe,KZ,2022-06-09 17:47:01,52.4994,73.0975,66.99,56,60,8.01
127,Georgetown,MY,2022-06-09 17:47:02,5.4112,100.3354,82.35,83,40,8.05
128,Bereda,ES,2022-06-09 17:47:02,43.2686,-7.5406,78.58,61,10,6.29
129,Yulara,AU,2022-06-09 17:47:03,-25.2406,130.9889,46.15,60,74,8.43
130,Manokwari,ID,2022-06-09 17:47:03,-0.8667,134.0833,78.39,77,68,4.61
131,East London,ZA,2022-06-09 17:46:29,-33.0153,27.9116,59.94,82,20,8.05
132,Kloulklubed,PW,2022-06-09 17:47:04,7.0419,134.2556,73.9,69,97,9.04
133,Khatanga,RU,2022-06-09 17:47:05,71.9667,102.5,45.0,72,96,17.13
134,Beringovskiy,RU,2022-06-09 17:47:05,63.05,179.3167,38.46,67,4,8.5
135,Nuuk,GL,2022-06-09 17:47:06,64.1835,-51.7216,47.01,53,20,15.01
136,Maloy,NO,2022-06-09 17:47:06,61.9353,5.1136,55.13,85,48,5.3
137,Riohacha,CO,2022-06-09 17:47:07,11.5444,-72.9072,93.31,46,20,19.57
138,Saint-Philippe,RE,2022-06-09 17:47:07,-21.3585,55.7679,71.19,82,73,16.35
139,Airai,TL,2022-06-09 17:47:08,-8.9266,125.4092,58.93,97,100,3.31
140,Chuy,UY,2022-06-09 17:47:08,-33.6971,-53.4616,64.65,65,94,3.8
141,Khasan,RU,2022-06-09 17:48:08,42.4308,130.6434,51.76,95,75,2.57
142,Torbay,CA,2022-06-09 17:45:20,47.6666,-52.7314,57.88,75,75,10.36
143,Kalmunai,LK,2022-06-09 17:48:09,7.4167,81.8167,79.3,83,100,9.82
144,Bahia Blanca,AR,2022-06-09 17:44:31,-38.7196,-62.2724,55.15,29,0,17.22
145,Cidreira,BR,2022-06-09 17:48:11,-30.1811,-50.2056,65.71,81,48,13.42
146,Ponta Do Sol,PT,2022-06-09 17:48:11,32.6667,-17.1,78.71,80,46,1.77
147,Rawson,AR,2022-06-09 17:48:12,-43.3002,-65.1023,47.44,25,8,22.37
148,Kenora,CA,2022-06-09 17:48:13,49.8167,-94.4337,67.17,39,75,6.91
149,Paamiut,GL,2022-06-09 17:48:13,61.994,-49.6678,38.17,80,61,9.31
150,Littleton,US,2022-06-09 17:45:59,39.6133,-105.0166,85.89,37,75,3.44
151,Hofn,IS,2022-06-09 17:48:14,64.2539,-15.2082,51.82,58,40,17.27
152,Sovetskiy,RU,2022-06-09 17:48:14,61.3614,63.5842,53.15,97,100,5.91
153,Bella Union,UY,2022-06-09 17:48:15,-30.2752,-57.6007,67.5,69,97,4.94
154,General Roca,AR,2022-06-09 17:48:16,-39.0333,-67.5833,54.63,23,0,12.73
155,Ahipara,NZ,2022-06-09 17:48:17,-35.1667,173.1667,58.51,81,12,16.17
156,Vila Velha,BR,2022-06-09 17:46:42,-20.3297,-40.2925,78.75,78,0,10.36
157,Matagami,CA,2022-06-09 17:48:18,49.7502,-77.6328,60.91,77,100,3.44
158,Chara,RU,2022-06-09 17:48:18,56.9064,118.2631,54.75,82,93,0.51
159,Ouadda,CF,2022-06-09 17:48:19,8.0777,22.4007,70.3,85,100,1.95
160,Itape,PY,2022-06-09 17:48:19,-25.85,-56.6167,70.03,79,73,3.0
161,Ancud,CL,2022-06-09 17:48:20,-41.8697,-73.8203,46.22,63,16,4.34
162,Buzmeyin,TM,2022-06-09 17:48:20,38.0507,58.2056,87.53,40,40,6.91
163,Poli,TZ,2022-06-09 17:48:21,-3.3333,36.8,64.67,59,83,5.19
164,Lavrentiya,RU,2022-06-09 17:48:26,65.5833,-171.0,40.95,65,2,8.68
165,Tabuk,PH,2022-06-09 17:48:26,17.4189,121.4443,76.3,94,100,1.81
166,Esperance,AU,2022-06-09 17:48:27,-33.8667,121.9,58.87,58,99,15.99
167,Qaanaaq,GL,2022-06-09 17:48:28,77.484,-69.3632,33.71,89,100,4.21
168,Vung Tau,VN,2022-06-09 17:48:29,10.346,107.0843,83.48,75,100,8.5
169,Saint George,US,2022-06-09 17:45:15,37.1041,-113.5841,98.64,15,0,8.05
170,Geraldton,AU,2022-06-09 17:47:31,-28.7667,114.6,66.61,82,75,14.97
171,Broome,US,2022-06-09 17:48:29,42.2506,-75.833,67.01,86,75,13.8
172,San Cristobal,VE,2022-06-09 17:48:30,7.7669,-72.225,77.18,50,64,7.2
173,Ibipeba,BR,2022-06-09 17:48:32,-11.6408,-42.0111,88.16,24,72,2.17
174,Souillac,MU,2022-06-09 17:48:33,-20.5167,57.5167,70.18,88,75,16.11
175,Tilichiki,RU,2022-06-09 17:48:33,60.4667,166.1,43.41,78,77,1.14
176,Leningradskiy,RU,2022-06-09 17:48:34,69.3833,178.4167,37.92,64,43,10.78
177,Sahuaripa,MX,2022-06-09 17:48:34,29.05,-109.2333,99.32,21,1,4.23
178,Necochea,AR,2022-06-09 17:48:35,-38.5473,-58.7368,54.39,56,84,19.64
179,Kununurra,AU,2022-06-09 17:48:35,-15.7667,128.7333,69.78,30,81,5.75
180,Lobito,AO,2022-06-09 17:48:36,-12.3481,13.5456,73.65,70,6,3.69
181,Kohtla-Jarve,EE,2022-06-09 17:48:36,59.3986,27.2731,56.08,82,76,8.48
182,Kavaratti,IN,2022-06-09 17:48:37,10.5669,72.642,82.29,78,16,10.87
183,Inta,RU,2022-06-09 17:48:37,66.0317,60.1659,63.46,53,15,10.58
184,Kapoeta,SS,2022-06-09 17:48:38,4.7717,33.5903,80.28,50,99,4.68
185,Mogocha,RU,2022-06-09 17:49:38,53.7333,119.7667,51.8,96,98,2.8
186,Mawlaik,MM,2022-06-09 17:49:38,23.6333,94.4167,77.31,96,100,1.16
187,Miyako,JP,2022-06-09 17:49:39,39.6367,141.9525,52.68,93,8,5.08
188,Lebu,CL,2022-06-09 17:48:49,-37.6167,-73.65,52.48,67,66,11.43
189,Namibe,AO,2022-06-09 17:49:40,-15.1961,12.1522,73.42,61,1,5.46
190,Klaksvik,FO,2022-06-09 17:49:40,62.2266,-6.589,50.92,90,100,26.11
191,Binzhou,CN,2022-06-09 17:49:40,37.3667,118.0167,74.5,62,84,4.61
192,Adrar,MR,2022-06-09 17:49:41,20.5022,-10.0711,107.91,5,6,4.36
193,Derzhavinsk,KZ,2022-06-09 17:49:41,51.1,66.3167,66.13,33,18,10.98
194,Sucua,EC,2022-06-09 17:49:42,-2.4667,-78.1667,77.74,69,40,5.75
195,Nanortalik,GL,2022-06-09 17:49:42,60.1432,-45.2371,40.23,82,26,5.97
196,Husavik,IS,2022-06-09 17:49:43,66.0449,-17.3389,50.56,75,36,4.68
197,Kutum,SD,2022-06-09 17:49:43,14.2,24.6667,85.35,30,93,13.24
198,Champerico,GT,2022-06-09 17:49:43,14.3,-91.9167,86.54,73,97,10.29
199,Luba,GQ,2022-06-09 17:49:44,3.4568,8.5547,79.09,85,83,9.33
200,Ternate,ID,2022-06-09 17:49:45,0.8,127.4,80.06,79,98,2.77
201,Kruisfontein,ZA,2022-06-09 17:49:45,-34.0033,24.7314,56.88,82,14,4.36
202,Nyurba,RU,2022-06-09 17:49:45,63.2842,118.3319,53.02,94,92,10.2
203,Adjumani,UG,2022-06-09 17:49:46,3.3779,31.7909,67.87,91,97,3.4
204,Honavar,IN,2022-06-09 17:49:46,14.2833,74.45,79.43,86,76,5.77
205,Deputatskiy,RU,2022-06-09 17:49:46,69.3,139.9,38.05,79,16,2.08
206,Guerrero Negro,MX,2022-06-09 17:49:47,27.9769,-114.0611,77.56,49,32,6.93
207,Winthrop,US,2022-06-09 17:49:48,42.3751,-70.9828,80.71,69,40,13.8
208,Qaqortoq,GL,2022-06-09 17:49:48,60.7167,-46.0333,44.22,73,7,5.86
209,Hervey Bay,AU,2022-06-09 17:49:49,-25.2986,152.8535,46.02,73,13,8.99
210,Varhaug,NO,2022-06-09 17:49:49,58.6147,5.6457,54.95,84,100,1.3
211,Chase,CA,2022-06-09 17:49:49,50.8165,-119.6857,66.07,46,100,3.89
212,Mackenzie,CA,2022-06-09 17:49:50,55.2999,-123.1698,57.42,67,0,11.5
213,Chapais,CA,2022-06-09 17:49:50,49.7834,-74.8492,64.18,61,100,2.91
214,Serenje,ZM,2022-06-09 17:49:51,-13.2325,30.2352,50.97,94,15,7.87
215,Pangnirtung,CA,2022-06-09 17:49:51,66.1451,-65.7125,41.0,81,40,19.57
216,Barcelona,ES,2022-06-09 17:49:51,41.3888,2.159,77.83,75,40,11.5
217,Lagoa,PT,2022-06-09 17:49:52,39.05,-27.9833,63.03,87,49,7.45
218,Slave Lake,CA,2022-06-09 17:45:20,55.2834,-114.769,58.98,72,0,8.05
219,Upernavik,GL,2022-06-09 17:49:53,72.7868,-56.1549,32.43,99,100,6.93
220,Zhigansk,RU,2022-06-09 17:49:53,66.7697,123.3711,57.58,72,39,8.05
221,Nizwa,OM,2022-06-09 17:49:54,22.9333,57.5333,96.51,20,18,7.38
222,Tucurui,BR,2022-06-09 17:49:54,-3.7661,-49.6725,85.51,66,93,5.97
223,Amahai,ID,2022-06-09 17:49:55,-3.3333,128.9167,77.88,86,80,1.54
224,Ust-Tarka,RU,2022-06-09 17:49:55,55.5672,75.705,60.22,71,79,11.21
225,Selma,US,2022-06-09 17:49:55,36.5708,-119.6121,88.18,45,97,6.73
226,Kaeo,NZ,2022-06-09 17:49:56,-35.1,173.7833,57.38,81,6,13.76
227,Lazaro Cardenas,MX,2022-06-09 17:49:56,17.9583,-102.2,87.3,52,100,3.56
228,Naivasha,KE,2022-06-09 17:49:57,-0.7167,36.4359,61.11,92,92,3.91
229,Tuatapere,NZ,2022-06-09 17:49:57,-46.1333,167.6833,38.41,91,61,6.29
230,Ribeira Grande,PT,2022-06-09 17:49:58,38.5167,-28.7,68.4,88,40,4.61
231,Manta,EC,2022-06-09 17:50:58,-0.95,-80.7333,80.38,74,20,6.91
232,Luanda,AO,2022-06-09 17:50:05,-8.8368,13.2343,73.04,86,11,13.11
233,Bathsheba,BB,2022-06-09 17:50:59,13.2167,-59.5167,88.41,66,20,21.85
234,Kindu,CD,2022-06-09 17:50:59,-2.95,25.95,73.62,62,51,1.45
235,Mutoko,ZW,2022-06-09 17:51:00,-17.397,32.2268,58.14,63,83,5.12
236,Mitsamiouli,KM,2022-06-09 17:51:00,-11.3847,43.2844,78.6,73,70,5.5
237,Ciudad Bolivar,VE,2022-06-09 17:51:01,8.1222,-63.5497,90.34,46,95,10.71
238,Talara,PE,2022-06-09 17:46:53,-4.5772,-81.2719,77.76,61,0,14.97
239,Mersing,MY,2022-06-09 17:51:01,2.4312,103.8405,76.91,94,40,4.61
240,Senanga,ZM,2022-06-09 17:51:02,-16.1167,23.2667,59.88,60,20,6.08
241,Fortuna,US,2022-06-09 17:51:02,40.5982,-124.1573,68.94,62,0,12.66
242,Lata,PT,2022-06-09 17:51:04,40.1629,-8.3327,77.49,50,12,8.46
243,Coquimbo,CL,2022-06-09 17:48:48,-29.9533,-71.3436,58.73,77,40,5.75
244,Gat,IL,2022-06-09 17:51:05,31.61,34.7642,86.4,43,0,8.63
245,Kavieng,PG,2022-06-09 17:51:05,-2.5744,150.7967,79.93,71,5,5.32
246,Dogondoutchi,NE,2022-06-09 17:51:06,13.6393,4.0287,104.49,11,5,1.77
247,Tual,ID,2022-06-09 17:51:06,-5.6667,132.75,82.2,78,62,14.05
248,Jiayuguan,CN,2022-06-09 17:51:07,39.8167,98.3,69.26,10,0,7.05
249,Bakchar,RU,2022-06-09 17:51:07,57.0186,82.0711,54.27,70,100,7.96
250,Longyearbyen,SJ,2022-06-09 17:51:10,78.2186,15.6401,35.69,100,100,3.87
251,Bagdarin,RU,2022-06-09 17:51:11,54.4333,113.6,51.33,76,90,3.85
252,Zabaykalsk,RU,2022-06-09 17:51:11,49.6333,117.3167,57.36,76,85,7.92
253,Portmore,JM,2022-06-09 17:51:12,17.9702,-76.8672,88.05,74,40,19.57
254,Carnarvon,AU,2022-06-09 17:51:12,-24.8667,113.6333,68.97,83,50,14.16
255,Moctezuma,MX,2022-06-09 17:51:12,29.8,-109.6667,97.16,21,0,6.17
256,Businga,CD,2022-06-09 17:51:13,3.3333,20.8833,71.64,90,100,2.39
257,Talnakh,RU,2022-06-09 17:51:14,69.4865,88.3972,45.21,67,17,5.44
258,Balaipungut,ID,2022-06-09 17:51:15,1.05,101.2833,73.98,97,100,2.64
259,Jalu,LY,2022-06-09 17:51:16,29.0331,21.5482,93.94,17,0,7.76
260,Vila Franca Do Campo,PT,2022-06-09 17:51:16,37.7167,-25.4333,70.21,74,100,4.97
261,Yar-Sale,RU,2022-06-09 17:51:16,66.8333,70.8333,61.88,44,35,7.27
262,Acapulco,MX,2022-06-09 17:50:04,16.8634,-99.8901,84.0,66,93,7.34
263,Lashio,MM,2022-06-09 17:51:17,22.9333,97.75,68.14,98,100,0.89
264,Tias,ES,2022-06-09 17:51:17,28.9611,-13.645,73.08,69,20,32.21
265,Hobyo,SO,2022-06-09 17:51:18,5.3505,48.5268,79.45,80,100,25.72
266,Neuquen,AR,2022-06-09 17:51:18,-38.9516,-68.0591,53.49,32,0,12.66
267,Bambous Virieux,MU,2022-06-09 17:51:19,-20.3428,57.7575,70.05,88,75,16.11
268,Ouango,CF,2022-06-09 17:51:19,4.3133,22.5552,68.92,97,97,1.32
269,Moron,AR,2022-06-09 17:51:20,-34.6534,-58.6198,60.03,73,78,6.44
270,Lakes Entrance,AU,2022-06-09 17:51:20,-37.8811,147.981,49.15,69,60,21.18
271,Belmonte,BR,2022-06-09 17:51:20,-15.8631,-38.8828,78.84,59,1,7.34
272,Abha,SA,2022-06-09 17:51:21,18.2164,42.5053,80.42,68,20,4.61
273,Manzhouli,CN,2022-06-09 17:51:22,49.6,117.4333,57.65,76,80,7.2
274,Dali,CN,2022-06-09 17:51:22,25.7,100.1833,62.78,93,84,4.16
275,Sambava,MG,2022-06-09 17:51:23,-14.2667,50.1667,73.22,74,100,14.52
276,Srivardhan,IN,2022-06-09 17:52:23,18.0333,73.0167,82.99,80,94,4.52
277,Doiwala,IN,2022-06-09 17:52:25,30.1833,78.1167,89.44,21,77,5.35
278,Atar,MR,2022-06-09 17:52:25,20.5169,-13.0499,109.22,6,4,12.35
279,Lufilufi,WS,2022-06-09 17:52:25,-13.8745,-171.5986,73.18,77,27,15.32
280,Tautira,PF,2022-06-09 17:52:26,-17.7333,-149.15,78.82,76,22,9.22
281,Turukhansk,RU,2022-06-09 17:52:27,65.8167,87.9833,47.1,49,34,4.38
282,Gazojak,TM,2022-06-09 17:52:27,41.1875,61.4036,85.84,16,0,13.06
283,Toledo,ES,2022-06-09 17:47:30,39.8333,-4.0,88.27,25,11,6.78
284,Alyangula,AU,2022-06-09 17:52:28,-13.8483,136.4192,72.9,57,92,17.13
285,Damara,CF,2022-06-09 17:52:28,4.9608,18.7035,76.55,70,100,3.15
286,Saint-Jerome,CA,2022-06-09 17:52:34,45.7804,-74.0036,60.58,88,100,8.05
287,Goderich,CA,2022-06-09 17:52:37,43.7501,-81.7165,59.92,82,28,5.75
288,Methoni,GR,2022-06-09 17:52:37,36.8197,21.7049,77.22,86,56,5.3
289,Poum,NC,2022-06-09 17:52:37,-20.2333,164.0167,74.52,81,100,8.77
290,Sobolevo,RU,2022-06-09 17:52:38,54.4299,31.8996,65.98,85,14,5.3
291,Cairns,AU,2022-06-09 17:52:38,-16.9167,145.7667,69.75,60,100,10.36
292,Assiniboia,CA,2022-06-09 17:52:38,49.6334,-105.9845,69.62,37,99,9.22
293,Lompoc,US,2022-06-09 17:52:39,34.6391,-120.4579,82.69,62,0,5.75
294,Strelka,RU,2022-06-09 17:52:39,58.0728,93.0344,49.48,90,39,1.54
295,Ipatinga,BR,2022-06-09 17:52:39,-19.4683,-42.5367,84.27,32,0,9.22
296,Grand Gaube,MU,2022-06-09 17:52:40,-20.0064,57.6608,70.2,75,65,4.0
297,Chokurdakh,RU,2022-06-09 17:52:40,70.6333,147.9167,45.81,66,24,12.44
298,Talaya,RU,2022-06-09 17:52:41,61.3833,152.75,40.71,92,100,10.94
299,Presidente Epitacio,BR,2022-06-09 17:52:41,-21.7633,-52.1156,77.68,60,100,10.07
300,Chernyshevskiy,RU,2022-06-09 17:52:42,63.0128,112.4714,44.64,78,51,5.3
301,Ulaangom,MN,2022-06-09 17:52:42,49.9811,92.0667,50.4,39,2,2.71
302,Cabo San Lucas,MX,2022-06-09 17:49:31,22.8909,-109.9124,87.62,70,6,1.99
303,Mount Gambier,AU,2022-06-09 17:52:42,-37.8333,140.7667,51.78,79,100,10.0
304,Bukama,CD,2022-06-09 17:52:43,-9.2,25.85,70.47,40,54,0.67
305,Eseka,CM,2022-06-09 17:52:43,3.65,10.7667,73.02,96,68,2.46
306,Beloha,MG,2022-06-09 17:52:44,-25.1667,45.05,65.52,79,1,14.76
307,Marawi,PH,2022-06-09 17:52:44,7.9986,124.2928,69.31,94,100,2.48
308,Mahajanga,MG,2022-06-09 17:52:44,-15.7167,46.3167,75.22,53,20,6.91
309,Bara,NG,2022-06-09 17:52:45,10.3744,10.7288,86.18,51,34,6.8
310,Oranjestad,AW,2022-06-09 17:50:49,12.524,-70.027,87.75,66,20,19.57
311,Goba,ET,2022-06-09 17:52:45,7.0167,39.9833,49.24,88,88,1.57
312,Mandawar,IN,2022-06-09 17:52:29,29.5,78.1333,93.27,18,51,2.17
313,Namwala,ZM,2022-06-09 17:52:46,-15.7504,26.4384,62.37,58,91,4.23
314,Kurilsk,RU,2022-06-09 17:52:47,45.2333,147.8833,40.17,92,94,7.99
315,Canakkale,TR,2022-06-09 17:52:47,40.0833,26.8333,64.87,73,59,1.77
316,Saint-Ambroise,CA,2022-06-09 17:52:47,48.5501,-71.3324,63.14,82,100,2.3
317,Komatipoort,ZA,2022-06-09 17:52:48,-25.4332,31.9548,59.72,61,0,1.83
318,Saldanha,ZA,2022-06-09 17:52:48,-33.0117,17.9442,57.25,78,11,11.01
319,Cozumel,MX,2022-06-09 17:48:55,20.5083,-86.9458,87.94,74,33,8.01
320,Camacha,PT,2022-06-09 17:53:49,33.0833,-16.3333,67.42,78,75,14.97
321,Cocorit,MX,2022-06-09 17:53:49,27.5833,-109.9667,93.33,43,0,12.62
322,Hithadhoo,MV,2022-06-09 17:53:49,-0.6,73.0833,83.05,71,59,4.74
323,Hirara,JP,2022-06-09 17:53:50,24.8,125.2833,80.4,82,100,12.95
324,Hamilton,US,2022-06-09 17:53:50,39.1834,-84.5333,74.07,66,10,5.99
325,Soyo,AO,2022-06-09 17:53:51,-6.1349,12.3689,74.7,87,10,8.3
326,Kassala,SD,2022-06-09 17:53:51,15.451,36.4,88.84,42,76,11.3
327,Codrington,AU,2022-06-09 17:53:51,-38.2667,141.9667,53.26,83,100,17.13
328,Lichinga,MZ,2022-06-09 17:53:52,-13.3128,35.2406,59.09,94,98,5.75
329,Abu Dhabi,AE,2022-06-09 17:50:47,24.4667,54.3667,95.02,44,0,1.14
330,Melfi,IT,2022-06-09 17:53:52,40.9965,15.6514,59.7,94,97,4.38
331,Antalaha,MG,2022-06-09 17:53:53,-14.9003,50.2788,70.07,76,95,9.13
332,Pascagoula,US,2022-06-09 17:52:35,30.3658,-88.5561,94.41,55,20,4.61
333,Gueugnon,FR,2022-06-09 17:53:53,46.6036,4.0629,69.19,51,17,5.61
334,Salvador,SV,2022-06-09 17:53:54,13.8333,-88.9167,84.06,65,95,2.42
335,Aksu,CN,2022-06-09 17:53:54,41.1231,80.2644,79.39,26,100,15.99
336,Gamboula,CF,2022-06-09 17:53:55,4.1178,15.1393,70.11,88,50,1.16
337,Chicama,PE,2022-06-09 17:53:55,-7.8447,-79.1469,63.14,62,35,10.85
338,Bubaque,GW,2022-06-09 17:53:56,11.2833,-15.8333,81.54,78,64,13.82
339,Guaruja,BR,2022-06-09 17:53:56,-23.9931,-46.2564,69.66,83,100,4.61
340,Kendari,ID,2022-06-09 17:53:56,-3.945,122.4989,75.04,91,30,1.9
341,Rognan,NO,2022-06-09 17:53:57,67.0953,15.3878,50.76,67,27,6.42
342,Olesnica,PL,2022-06-09 17:53:57,51.2134,17.3899,68.4,75,79,8.12
343,Luganville,VU,2022-06-09 17:53:57,-15.5333,167.1667,75.51,86,100,0.38
344,Payson,US,2022-06-09 17:53:58,40.0444,-111.7321,83.41,38,59,3.0
345,Somotillo,NI,2022-06-09 17:53:59,13.0433,-86.9064,86.14,72,100,2.71
346,Ous,RU,2022-06-09 17:53:59,60.9058,61.5186,52.47,93,100,3.96
347,Morros,BR,2022-06-09 17:53:59,-9.4467,-46.3003,92.95,25,68,3.04
348,Nogales,MX,2022-06-09 17:53:48,31.3086,-110.9422,95.72,18,0,0.0
349,Dunedin,NZ,2022-06-09 17:54:00,-45.8742,170.5036,43.81,79,100,1.99
350,Palmer,US,2022-06-09 17:54:00,42.1584,-72.3287,82.2,55,75,19.57
351,Kashan,IR,2022-06-09 17:54:01,33.9831,51.4364,94.33,9,0,11.56
352,Hanyang,CN,2022-06-09 17:54:01,32.1371,105.5126,62.19,84,19,3.0
353,Samarai,PG,2022-06-09 17:54:01,-10.6167,150.6667,79.36,82,93,4.83
354,Xinglongshan,CN,2022-06-09 17:54:02,43.9561,125.4661,53.35,94,61,2.24
355,Kamaishi,JP,2022-06-09 17:54:03,39.2667,141.8833,54.0,91,28,5.64
356,Vardo,NO,2022-06-09 17:54:03,70.3705,31.1107,46.38,76,75,5.75
357,Rio Gallegos,AR,2022-06-09 17:54:09,-51.6226,-69.2181,39.25,48,0,26.46
358,Posse,BR,2022-06-09 17:54:10,-14.0931,-46.3694,88.05,16,4,1.88
359,Mayo,US,2022-06-09 17:49:57,38.8876,-76.5119,84.11,51,20,12.66
360,Srednekolymsk,RU,2022-06-09 17:54:10,67.45,153.6833,52.48,68,98,8.14
361,Dzaoudzi,YT,2022-06-09 17:54:11,-12.7887,45.2699,76.89,78,75,6.91
362,Taybad,IR,2022-06-09 17:54:11,34.74,60.7756,86.14,14,1,9.6
363,Gunnedah,AU,2022-06-09 17:54:12,-30.9833,150.25,40.78,77,90,5.17
364,Iracoubo,GF,2022-06-09 17:55:12,5.4802,-53.2011,82.89,72,100,6.85
365,Santa Isabel Do Rio Negro,BR,2022-06-09 17:55:13,-0.4139,-65.0192,86.9,62,97,3.02
366,Canelas,PT,2022-06-09 17:55:13,41.0833,-8.6,86.9,71,0,18.41
367,Hovd,MN,2022-06-09 17:55:13,48.0056,91.6419,49.64,26,0,1.12
368,Naze,JP,2022-06-09 17:55:14,28.3667,129.4833,72.52,86,100,5.68
369,Moussoro,TD,2022-06-09 17:55:15,13.6408,16.4901,96.94,25,83,2.13
370,Kerrobert,CA,2022-06-09 17:55:15,51.9168,-109.1348,68.05,44,49,4.99
371,Porto Murtinho,BR,2022-06-09 17:55:16,-21.6989,-57.8825,69.93,96,100,1.12
372,Akdagmadeni,TR,2022-06-09 17:55:17,39.6603,35.8836,61.81,58,64,5.46
373,Mao,ES,2022-06-09 17:55:14,39.8885,4.2658,72.16,56,20,14.97
374,Betanzos,ES,2022-06-09 17:55:18,43.2804,-8.2147,70.63,75,0,8.05
375,Sabha,LY,2022-06-09 17:55:21,27.0377,14.4283,97.56,11,51,6.53
376,Shizunai,JP,2022-06-09 17:55:21,42.3339,142.3669,48.88,89,11,7.85
377,Vozhega,RU,2022-06-09 17:55:22,60.4725,40.2213,58.15,94,76,3.65
378,Praia Da Vitoria,PT,2022-06-09 17:55:22,38.7333,-27.0667,68.76,83,75,4.56
379,Minsk,BY,2022-06-09 17:54:00,53.9,27.5667,74.95,64,40,1.01
380,Boende,CD,2022-06-09 17:55:23,-0.2167,20.8667,75.07,72,100,2.62
381,La Rioja,ES,2022-06-09 17:55:23,42.25,-2.5,69.58,57,0,7.92
382,Kysyl-Syr,RU,2022-06-09 17:55:24,63.8986,122.7617,58.6,97,99,6.53
383,Njombe,TZ,2022-06-09 17:55:24,-9.3333,34.7667,51.55,85,65,6.08
384,Gondanglegi,ID,2022-06-09 17:55:25,-7.7479,112.0132,75.07,92,100,1.97
385,Yumen,CN,2022-06-09 17:55:25,40.2833,97.2,69.76,10,0,10.13
386,Pedro Leopoldo,BR,2022-06-09 17:55:26,-19.6181,-44.0431,83.01,46,0,4.61
387,Pisco,PE,2022-06-09 17:55:03,-13.7,-76.2167,68.05,73,0,8.05
388,Sur,OM,2022-06-09 17:55:26,22.5667,59.5289,92.98,47,0,12.24
389,Mwinilunga,ZM,2022-06-09 17:55:27,-11.7358,24.4293,56.75,58,29,4.99
390,Khani,GE,2022-06-09 17:55:28,41.9563,42.9566,62.17,100,100,2.77
391,Quatre Cocos,MU,2022-06-09 17:55:28,-20.2078,57.7625,69.91,67,74,17.16
392,Sterling,US,2022-06-09 17:55:28,39.0062,-77.4286,83.01,54,75,17.27
393,Dickinson,US,2022-06-09 17:50:32,29.4608,-95.0513,97.03,61,40,3.44
394,Newcastle,AU,2022-06-09 17:55:29,-32.9272,151.7765,49.78,78,4,19.57
395,Warwick,US,2022-06-09 17:55:29,41.7001,-71.4162,82.76,80,40,13.8
396,Iqaluit,CA,2022-06-09 17:55:30,63.7506,-68.5145,53.33,50,75,15.01
397,Opuwo,NA,2022-06-09 17:55:30,-18.0607,13.84,62.85,31,0,9.28
398,Havoysund,NO,2022-06-09 17:55:30,70.9963,24.6622,43.03,75,94,23.89
399,Mogadishu,SO,2022-06-09 17:51:14,2.0371,45.3438,79.7,84,100,18.01
400,Provideniya,RU,2022-06-09 17:55:32,64.3833,-173.3,44.38,51,5,3.87
401,Halifax,CA,2022-06-09 17:55:32,44.6453,-63.5724,69.53,92,100,11.5
402,Bastia,FR,2022-06-09 17:55:34,42.6667,9.3333,79.93,42,0,12.66
403,Atbasar,KZ,2022-06-09 17:55:35,51.8,68.3333,62.82,33,2,3.31
404,Avera,US,2022-06-09 17:55:35,33.194,-82.5271,88.56,41,97,13.76
405,Tura,IN,2022-06-09 17:55:35,25.5198,90.2201,73.71,98,89,5.57
406,Doha,QA,2022-06-09 17:52:19,25.2867,51.5333,105.78,13,0,10.36
407,Chikhli,IN,2022-06-09 17:55:36,20.35,76.25,86.94,40,99,11.86
408,Kumylzhenskaya,RU,2022-06-09 17:55:36,49.8809,42.5898,59.99,65,9,5.59
409,Touros,BR,2022-06-09 17:55:37,-5.1989,-35.4608,81.32,75,61,10.51
410,Santa Rosa,PH,2022-06-09 17:56:37,14.3122,121.1114,84.18,82,82,5.44
411,Tambopata,PE,2022-06-09 17:56:38,-12.7333,-69.1833,71.49,94,100,6.91
412,Koratla,IN,2022-06-09 17:56:38,18.8167,78.7167,95.05,34,91,5.66
413,Hambantota,LK,2022-06-09 17:56:38,6.1241,81.1185,79.79,84,97,16.93
414,Govindgarh,IN,2022-06-09 17:56:39,27.5,76.9833,97.48,18,88,6.98
415,Manihari,IN,2022-06-09 17:56:40,25.35,87.6333,83.57,81,100,6.87
416,Bull Savanna,JM,2022-06-09 17:56:40,17.8868,-77.5902,85.14,60,98,14.09
417,Kropotkin,RU,2022-06-09 17:56:40,45.4375,40.5756,68.05,73,99,3.74
418,Northam,GB,2022-06-09 17:56:42,51.0333,-4.2167,64.38,93,95,17.34
419,Sao Cristovao,BR,2022-06-09 17:56:42,-11.0147,-37.2064,76.91,88,40,9.22
420,Haikou,CN,2022-06-09 17:56:43,20.0458,110.3417,77.13,94,0,2.24
421,Eureka,US,2022-06-09 17:56:43,40.8021,-124.1637,64.26,62,77,1.99
422,Alexandria,EG,2022-06-09 17:56:45,31.2156,29.9553,82.94,54,0,8.05
423,Guapo,BR,2022-06-09 17:56:46,-16.8306,-49.5319,86.38,29,51,5.41
424,Keetmanshoop,NA,2022-06-09 17:56:46,-26.5833,18.1333,62.31,18,28,9.35
425,Roald,NO,2022-06-09 17:56:47,62.5833,6.1333,68.16,76,20,20.71
426,Rio Grande,BR,2022-06-09 17:56:47,-32.035,-52.0986,68.11,80,98,7.2
427,Chirongui,YT,2022-06-09 17:56:47,-12.9319,45.1483,76.93,68,51,3.51
428,Limon,CR,2022-06-09 17:56:48,10.0,-83.0333,82.29,78,100,8.05
429,Prince Rupert,CA,2022-06-09 17:56:42,54.3161,-130.3201,53.69,85,40,9.22
430,Auki,SB,2022-06-09 17:56:49,-8.7676,160.7034,76.5,86,71,2.06
431,Finschhafen,PG,2022-06-09 17:56:49,-6.6024,147.8681,78.8,84,76,5.44
432,Talakan,RU,2022-06-09 17:56:49,50.3167,130.3667,50.67,96,12,3.15
433,Shakawe,BW,2022-06-09 17:56:50,-18.3667,21.85,57.52,28,1,5.26
434,Kinablangan,PH,2022-06-09 17:56:50,7.6947,126.5503,78.08,81,100,4.12
435,Santa Isabel,BR,2022-06-09 17:56:51,-23.3156,-46.2214,69.1,69,100,3.06
436,Kimbe,PG,2022-06-09 17:56:51,-5.5502,150.1429,74.23,93,25,3.33
437,Garden City,US,2022-06-09 17:56:51,42.3256,-83.331,74.82,55,28,3.0
438,Kahului,US,2022-06-09 17:55:15,20.8947,-156.47,78.84,73,4,8.01
439,Ituango,CO,2022-06-09 17:56:52,7.1712,-75.764,71.24,82,62,2.04
440,Margate,GB,2022-06-09 17:56:52,51.3813,1.3862,63.7,65,90,5.01
441,Severo-Kurilsk,RU,2022-06-09 17:56:53,50.6789,156.125,43.36,89,100,6.78
442,Port Blair,IN,2022-06-09 17:56:53,11.6667,92.75,82.09,82,99,15.75
443,Kautokeino,NO,2022-06-09 17:56:53,69.0125,23.0412,45.55,59,80,16.33
444,Pafos,CY,2022-06-09 17:56:54,34.7667,32.4167,76.78,69,0,8.05
445,Wawa,NG,2022-06-09 17:56:54,9.9022,4.4192,87.85,47,6,9.01
446,Tabat,ID,2022-06-09 17:56:55,-2.635,115.2274,72.77,98,57,1.5
447,Mwanza,TZ,2022-06-09 17:56:55,-2.5167,32.9,68.2,81,83,3.6
448,At-Bashi,KG,2022-06-09 17:56:55,41.1702,75.8106,53.11,75,40,3.02
449,Malkangiri,IN,2022-06-09 17:56:56,18.35,81.9,89.06,41,99,0.83
450,Nhamunda,BR,2022-06-09 17:56:56,-2.1861,-56.7131,89.22,55,52,5.03
451,Rumuruti,KE,2022-06-09 17:56:57,0.267,36.5389,60.06,84,90,7.76
452,Loandjili,CG,2022-06-09 17:56:57,-4.7561,11.8578,75.58,84,61,8.77
453,Buraydah,SA,2022-06-09 17:56:57,26.326,43.975,100.85,5,0,5.66
454,Birao,CF,2022-06-09 17:56:58,10.2849,22.7882,81.05,59,100,4.54
455,Willowmore,ZA,2022-06-09 17:56:58,-33.2926,23.4895,53.44,70,0,3.15
456,Ocos,GT,2022-06-09 17:56:59,14.5094,-92.1933,83.48,74,92,9.71
457,Chumikan,RU,2022-06-09 17:56:59,54.7183,135.315,36.55,95,92,2.86
458,Cristalina,BR,2022-06-09 17:57:59,-16.7686,-47.6136,81.14,25,3,4.79
459,Tirumala,IN,2022-06-09 17:58:00,13.6833,79.35,78.4,58,100,4.65
460,Lorengau,PG,2022-06-09 17:58:00,-2.0226,147.2712,79.84,77,10,3.58
461,Hat Yai,TH,2022-06-09 17:58:00,7.0084,100.4767,78.98,94,75,0.0
462,Ullapool,GB,2022-06-09 17:58:01,57.8987,-5.1604,63.36,79,85,1.59
463,Cagsiay,PH,2022-06-09 17:58:01,14.2167,121.75,81.52,81,95,3.24
464,Ust-Nera,RU,2022-06-09 17:58:01,64.5667,143.2,38.05,83,89,5.61
465,Acucena,BR,2022-06-09 17:58:02,-19.0731,-42.5464,81.12,38,59,5.99
466,Terrell,US,2022-06-09 17:58:02,32.736,-96.2753,90.97,68,75,9.22
467,Hannibal,US,2022-06-09 17:58:02,39.7084,-91.3585,81.52,34,40,10.36
468,Ntungamo,UG,2022-06-09 17:58:03,-0.8833,29.65,63.37,95,81,2.84
469,Virginia Beach,US,2022-06-09 17:53:19,36.8529,-75.978,89.02,67,75,9.22
470,Dauphin,CA,2022-06-09 17:58:03,51.1494,-100.0502,71.74,37,0,11.5
471,Aklavik,CA,2022-06-09 17:58:03,68.2191,-135.0107,40.24,55,83,6.02
472,Mangan,IN,2022-06-09 17:58:04,27.5167,88.5333,75.07,96,100,0.11
473,Skjervoy,NO,2022-06-09 17:58:04,70.0311,20.9714,44.6,79,100,22.32
474,Kongsberg,NO,2022-06-09 17:58:04,59.6652,9.6465,63.41,76,100,3.0
475,Arica,CL,2022-06-09 17:58:05,-18.475,-70.3042,64.63,72,100,6.91
476,Baruun-Urt,MN,2022-06-09 17:58:05,46.6806,113.2792,50.16,78,30,2.57
477,Troitskoye,RU,2022-06-09 17:58:05,52.9821,84.6757,53.56,50,29,10.56
478,Kuah,MY,2022-06-09 17:58:06,6.3265,99.8432,82.38,78,20,5.75
479,Ranong,TH,2022-06-09 17:58:10,9.9658,98.6348,79.36,87,85,5.66
480,Komsomolskiy,UZ,2022-06-09 17:58:10,40.4272,71.7189,81.32,34,97,4.61
481,Mlonggo,ID,2022-06-09 17:58:10,-6.5333,110.7,78.03,82,100,2.73
482,Deer Lake,CA,2022-06-09 17:58:11,49.1667,-57.4316,66.06,42,100,2.3
483,Sorong,ID,2022-06-09 17:58:11,-0.8833,131.25,78.55,85,83,6.35
484,Gustavo Diaz Ordaz,MX,2022-06-09 17:58:11,26.2333,-98.5833,96.03,33,7,11.97
485,Pokhara,NP,2022-06-09 17:58:12,28.2333,83.9833,74.21,70,87,7.07
486,Bose,IT,2022-06-09 17:58:12,45.4612,8.0137,78.39,53,6,2.8
487,Kalakamati,BW,2022-06-09 17:58:12,-20.5929,27.3121,53.85,50,0,10.63
488,Premia De Mar,ES,2022-06-09 17:58:13,41.4921,2.3652,80.62,72,61,4.85
489,Tevriz,RU,2022-06-09 17:58:13,57.509,72.4042,56.59,72,57,5.59
490,Quang Ngai,VN,2022-06-09 17:58:13,15.1167,108.8,78.49,82,100,3.02
491,Anadyr,RU,2022-06-09 17:58:14,64.75,177.4833,41.5,65,0,13.42
492,Naantali,FI,2022-06-09 17:58:14,60.4674,22.0243,64.81,63,20,10.36
493,Visnes,NO,2022-06-09 17:58:14,59.3556,5.2242,55.78,76,75,4.61
494,Marzuq,YE,2022-06-09 17:58:15,14.4,46.4667,82.38,38,45,5.57
495,Atoka,US,2022-06-09 17:58:15,34.4001,-96.0169,79.7,60,12,6.2
496,Port Lincoln,AU,2022-06-09 17:58:15,-34.7333,135.8667,54.77,69,100,8.66
497,Demyansk,RU,2022-06-09 17:58:16,57.643,32.466,63.03,83,55,0.69
498,Kawalu,ID,2022-06-09 17:58:16,-7.3817,108.2082,72.12,94,100,2.48
499,Sitka,US,2022-06-09 17:58:16,57.0531,-135.33,52.93,82,99,3.6
500,Laje,BR,2022-06-09 17:58:17,-10.1833,-40.9667,87.46,30,80,9.28
501,Yakeshi,CN,2022-06-09 17:58:17,49.2833,120.7333,54.1,71,86,4.76
502,Santa Ines,BR,2022-06-09 17:59:20,-3.6667,-45.38,81.86,87,94,3.8
503,Corinth,GR,2022-06-09 17:59:21,37.9407,22.9573,79.41,67,24,3.24
504,Darhan,MN,2022-06-09 17:59:21,49.4867,105.9228,48.38,73,38,6.31
505,Mayskiy,RU,2022-06-09 17:59:21,47.6931,40.1025,71.01,56,9,9.15
506,Beatrice,US,2022-06-09 17:59:22,40.2681,-96.747,78.46,47,0,11.5
507,Trollhattan,SE,2022-06-09 17:59:22,58.2333,12.4167,65.59,72,100,3.44
508,Biak,ID,2022-06-09 17:59:22,-0.9131,122.8766,76.08,86,45,5.08
509,Tessalit,ML,2022-06-09 17:59:23,20.1986,1.0114,104.76,6,64,11.63
510,Evensk,RU,2022-06-09 17:59:23,61.95,159.2333,43.9,86,67,2.44
511,Romny,UA,2022-06-09 17:59:23,50.751,33.4747,64.44,79,2,7.92
512,Winona,US,2022-06-09 17:59:24,43.9666,-91.7668,73.92,40,0,6.91
513,Divnomorskoye,RU,2022-06-09 17:59:24,44.5011,38.1353,67.08,91,86,3.11
514,Bato,PH,2022-06-09 17:59:25,13.3528,123.3677,77.49,92,84,3.53
515,Bulawayo,ZW,2022-06-09 17:59:25,-20.15,28.5833,52.93,53,2,8.97
516,La Libertad,EC,2022-06-09 17:59:25,-2.2333,-80.9,76.66,69,75,6.91
517,Kondinskoye,RU,2022-06-09 17:59:25,59.6481,67.41,54.64,84,90,6.29
518,Aasiaat,GL,2022-06-09 17:59:26,68.7098,-52.8699,37.04,81,100,13.85
519,Tyukalinsk,RU,2022-06-09 17:59:26,55.8732,72.1967,57.43,82,39,5.23
520,Bracknell,GB,2022-06-09 17:59:26,51.4136,-0.7505,64.31,64,40,13.8
521,Muskegon,US,2022-06-09 17:57:48,43.3,-86.1334,69.31,76,40,10.36
522,Olga,RU,2022-06-09 17:59:27,43.7444,135.2892,47.41,91,8,3.78
523,Ust-Maya,RU,2022-06-09 17:59:27,60.4167,134.5333,51.55,97,76,3.71
524,Qui Nhon,VN,2022-06-09 17:55:13,13.7667,109.2333,79.21,88,100,2.93
525,Batemans Bay,AU,2022-06-09 17:59:27,-35.7167,150.1833,47.1,82,2,5.75
526,Orsha,BY,2022-06-09 17:59:28,54.5153,30.4053,67.73,78,65,4.23
527,Saint-Denis,FR,2022-06-09 17:59:28,48.9167,2.3333,69.08,54,0,10.36
528,Katsuura,JP,2022-06-09 17:59:29,35.1333,140.3,66.33,85,49,4.45
529,Azle,US,2022-06-09 17:59:29,32.8951,-97.5459,90.95,65,85,5.01
530,Sivaki,RU,2022-06-09 17:59:29,52.6333,126.75,50.04,62,23,5.48
531,Yuncheng,CN,2022-06-09 17:59:30,35.0231,110.9928,68.49,82,100,4.34
532,Torre-Pacheco,ES,2022-06-09 17:59:30,37.7429,-0.954,86.34,73,40,6.91
533,Wonosobo,ID,2022-06-09 17:59:30,-7.36,109.9025,67.12,89,100,2.15
534,Alice Springs,AU,2022-06-09 17:56:14,-23.7,133.8833,35.15,93,55,0.0
535,Manggar,ID,2022-06-09 17:59:31,-2.8833,108.2667,76.73,84,100,3.94
536,Leon Valley,US,2022-06-09 17:59:31,29.4952,-98.6186,94.44,51,76,3.0
537,Mahibadhoo,MV,2022-06-09 17:59:31,3.7833,72.9667,82.42,72,80,7.38
538,Mildura,AU,2022-06-09 17:59:32,-34.2,142.15,48.16,100,100,6.91
539,Sioux Lookout,CA,2022-06-09 17:59:32,50.1001,-91.917,64.47,48,40,6.91
540,Athens,GR,2022-06-09 17:59:32,37.9795,23.7162,81.68,61,20,5.01
541,Grand-Couronne,FR,2022-06-09 17:59:33,49.3556,1.0065,68.43,64,75,4.61
542,Tignoan,PH,2022-06-09 17:59:33,14.5647,121.6197,79.61,87,90,3.44
543,Manaure,CO,2022-06-09 17:59:33,11.7751,-72.4445,90.18,50,68,19.53
544,Montepuez,MZ,2022-06-09 17:59:34,-13.1256,38.9997,69.94,67,100,4.27
545,Hualmay,PE,2022-06-09 17:59:34,-11.0964,-77.6139,69.13,71,35,9.8
546,Farafangana,MG,2022-06-09 17:59:34,-22.8167,47.8333,67.55,76,80,0.38
547,Lindi,TZ,2022-06-09 17:59:34,-10.0,39.7167,71.98,79,45,5.03
548,Miri,MY,2022-06-09 17:59:35,4.4148,114.0089,77.14,94,40,4.61
549,Vakhrushev,RU,2022-06-09 18:00:35,48.9833,142.9667,41.56,95,100,9.19
550,Menongue,AO,2022-06-09 18:00:35,-14.6585,17.691,56.97,49,9,5.12
551,Odweyne,SO,2022-06-09 18:00:36,9.4092,45.064,79.83,41,100,15.99
552,Galesong,ID,2022-06-09 18:00:36,-5.3166,119.3661,75.22,84,68,4.76
553,Hailey,US,2022-06-09 18:00:36,43.5196,-114.3153,70.9,52,83,8.01
554,Melenci,RS,2022-06-09 18:00:37,45.5139,20.3172,71.08,59,94,7.9
555,Zhumadian,CN,2022-06-09 18:00:37,32.9794,114.0294,73.45,67,94,12.46
556,Kasongo-Lunda,CD,2022-06-09 18:00:37,-6.4667,16.8167,72.64,45,73,0.98
557,Alghero,IT,2022-06-09 18:00:38,40.5589,8.3181,71.69,56,0,14.97
558,Aksarayskiy,RU,2022-06-09 18:00:38,46.7924,48.0119,74.73,26,14,6.22
559,Tongchuan,CN,2022-06-09 18:00:38,35.0806,109.0897,64.11,75,30,1.88
560,Mahanoro,MG,2022-06-09 18:00:39,-19.9,48.8,69.78,78,91,7.74
561,Namatanai,PG,2022-06-09 18:00:39,-3.6667,152.4333,77.45,79,82,2.51
562,Willmar,US,2022-06-09 17:58:00,45.1219,-95.0433,77.18,23,40,3.44
563,Teguise,ES,2022-06-09 18:00:40,29.0605,-13.564,71.82,69,20,32.21
564,Ayan,RU,2022-06-09 18:00:40,56.45,138.1667,39.67,95,93,9.69
565,Beni Suef,EG,2022-06-09 18:00:40,29.0731,31.0979,94.59,18,0,17.16
566,Harper,LR,2022-06-09 18:00:41,4.375,-7.7169,79.88,80,57,6.31
567,Springbok,ZA,2022-06-09 18:00:41,-29.6643,17.8865,58.08,32,0,5.95
568,Sao Joao Da Barra,BR,2022-06-09 18:00:41,-21.6403,-41.0511,74.98,73,36,11.23
